X,S,F,SM,FM,B
0.005,4.7640004,46.61,163748.0,770.0,36
0.024999999,2.346,220.273,22784.0,770.0,20
0.12499999,1.8590001,1082.813,9208.0,770.0,18
