X,S,F,SM,FM,B
0.005,4.913999,46.222,140440.0,770.0,36
0.024999999,2.24,217.123,11164.0,770.0,20
0.12499999,1.857,1157.87,12332.0,770.0,18
