X,S,F,SM,FM,B
0.005,4.728,35.539333,149720.0,770.0,33
0.024999999,2.4220002,157.91966,10628.0,770.0,20
0.12499999,2.185333,871.6574,8592.0,770.0,18
