X,S,F,SM,FM,B
0.005,2.619,167.425,53480.0,835.0,22
0.024999999,2.185,858.26,9216.0,835.0,20
0.12499999,1.997,4330.585,25660.0,835.0,18
