X,S,F,SM,FM,B
0.005,2.688,424.473,26752.0,835.0,29
0.024999999,1.8759999,2175.36,9596.0,835.0,19
0.12499999,1.7890002,10656.978,7236.0,835.0,18
